,name,LowerSens,UpperSens,MeanSens,LowerSpec,UpperSpec,MeanSpec,Algs
0,RDT1_SD+CTC+CATT_4_Dilution,0.78737329147856,0.93251476630944,0.865607913472,0.998567926588281,0.998831155869943,0.998699538062158,Checce
0,RDT1_SD+CTC+CATT_8_Dilution,0.77539674157576,0.915687841216,0.849796941568,0.998664798186101,0.998864771113251,0.998764784649676,Checce
0,RDT1_SD+CTC+CATT_16_Dilution,0.75520770031104,0.903683940384,0.83365134592,0.99870763256609,0.998972208067352,0.998839917083788,Checce
0,RDT1_SD+QBC+CATT_4_Dilution,0.79001945528576,0.93253511232513,0.866539892884,0.998567926588281,0.998831155869943,0.998699538062158,Checce
0,CATT_wb+CTC+MaECT+CATT_8_Dilution,0.424418433919964,0.768813043461478,0.580827220778189,0.999864143461861,0.999864221290468,0.999864182376164,CURRENT
